Mfg_Part_Num,Part_Desc,E1_Brand,Unilog_Brand,DIB_Brand,Part_Manuf
65-1222,65-1222 1' Led Lt Multi CCT,-- Unbranded --,-- No Unilog Brand --,-- No DIB Brand --,Satco Prod Inc (5573)
65-1224,65-1224 4' Led Strip Light,-- Unbranded --,-- No Unilog Brand --,Satco,Satco Prod Inc (5573)
45297BK,45297BK Kichler Wall Lt,-- Unbranded --,-- No Unilog Brand --,-- No DIB Brand --,Kichler Lighting (KICLI)
45573BK,45573BK Kichler Wall Light,-- Unbranded --,-- No Unilog Brand --,-- No DIB Brand --,Kichler Lighting (KICLI)
37418A,37418A Kichler Bath Light,-- Unbranded --,-- No Unilog Brand --,-- No DIB Brand --,Kichler Lighting (KICLI)
37423A,37423A Kichler Bath Light,-- Unbranded --,-- No Unilog Brand --,-- No DIB Brand --,Kichler Lighting (KICLI)
45496BKCLR,45496BKCLR Kichler Bath Light,-- Unbranded --,-- No Unilog Brand --,-- No DIB Brand --,Kichler Lighting (KICLI)
45973BK,45973BK Kichler Wall Light,-- Unbranded --,-- No Unilog Brand --,-- No DIB Brand --,Kichler Lighting (KICLI)
55155BK,55155BK Kichler Wall Lt,-- Unbranded --,-- No Unilog Brand --,-- No DIB Brand --,Kichler Lighting (KICLI)
55157CPZ,55157CPZ Kichler Wall Light,-- Unbranded --,-- No Unilog Brand --,-- No DIB Brand --,Kichler Lighting (KICLI)
55184BK,55184BK Kichler Wall Lt,-- Unbranded --,-- No Unilog Brand --,-- No DIB Brand --,Kichler Lighting (KICLI)
55185BK,55185BK Kichler Wall Lt,-- Unbranded --,-- No Unilog Brand --,-- No DIB Brand --,Kichler Lighting (KICLI)
55186CH,55186CH Kichler Wall Lt,-- Unbranded --,-- No Unilog Brand --,-- No DIB Brand --,Kichler Lighting (KICLI)
55210NI,55210NI Kichler Wall Light,-- Unbranded --,-- No Unilog Brand --,-- No DIB Brand --,Kichler Lighting (KICLI)
55211BK,55211BK Kichler Wall Light,-- Unbranded --,-- No Unilog Brand --,-- No DIB Brand --,Kichler Lighting (KICLI)
55211NI,55211NI Kichler Wall Light,-- Unbranded --,-- No Unilog Brand --,-- No DIB Brand --,Kichler Lighting (KICLI)
55212NI,55212NI Kichler Wall Light,-- Unbranded --,-- No Unilog Brand --,-- No DIB Brand --,Kichler Lighting (KICLI)
55226BKLFU,55226BKFLU Kichler Wall Lt,-- Unbranded --,-- No Unilog Brand --,-- No DIB Brand --,Kichler Lighting (KICLI)
55239CPZLED,55239CPZLED Kichler Wall Lt,-- Unbranded --,-- No Unilog Brand --,-- No DIB Brand --,Kichler Lighting (KICLI)
44072DBK,44072DBK Kichler Chandelier Lt,-- Unbranded --,-- No Unilog Brand --,-- No DIB Brand --,Kichler Lighting (KICLI)
44073NI,44073NI Kichler Chandelier Lt,-- Unbranded --,-- No Unilog Brand --,-- No DIB Brand --,Kichler Lighting (KICLI)
52033BK,52033BK Kichler Chandelier Lt,-- Unbranded --,-- No Unilog Brand --,-- No DIB Brand --,Kichler Lighting (KICLI)
84322WH,84322WH Kichler Chandelier Lt,-- Unbranded --,-- No Unilog Brand --,-- No DIB Brand --,Kichler Lighting (KICLI)
52404BK,52404BK Kichler Chandelier Lt,-- Unbranded --,-- No Unilog Brand --,-- No DIB Brand --,Kichler Lighting (KICLI)
34686A,34686A Kichler Chandelier Lt,-- Unbranded --,-- No Unilog Brand --,-- No DIB Brand --,Kichler Lighting (KICLI)
34687A,34687A Kichler Chandelier Lt,-- Unbranded --,-- No Unilog Brand --,-- No DIB Brand --,Kichler Lighting (KICLI)
34688A,34688A Kichler Chandelier Lt,-- Unbranded --,-- No Unilog Brand --,-- No DIB Brand --,-
43671BKCLR,43671BKCLR Kichler Chand Lt,-- Unbranded --,-- No Unilog Brand --,-- No DIB Brand --,Kichler Lighting (KICLI)
52616BK,52616BK Kichler Chandelier Lt,-- Unbranded --,-- No Unilog Brand --,-- No DIB Brand --,Kichler Lighting (KICLI)
52616NI,52616NI Kichler Chandelier Lt,-- Unbranded --,-- No Unilog Brand --,-- No DIB Brand --,Kichler Lighting (KICLI)
52678BK,52678BK Kichler Chandelier Lt,-- Unbranded --,-- No Unilog Brand --,-- No DIB Brand --,Kichler Lighting (KICLI)
52680CPZ,52680CPZ Kichler Chandelier Lt,-- Unbranded --,-- No Unilog Brand --,-- No DIB Brand --,Kichler Lighting (KICLI)
52772BK,52772BK Kichler Chandelier Lt,-- Unbranded --,-- No Unilog Brand --,-- No DIB Brand --,Kichler Lighting (KICLI)
82399,82399 Kichler Chandelier Lt,-- Unbranded --,-- No Unilog Brand --,-- No DIB Brand --,Kichler Lighting (KICLI)
65-771R3,65-771R3 Nuvo Highbay Light,-- Unbranded --,-- No Unilog Brand --,-- No DIB Brand --,Satco Prod Inc (5573)
42955BK,42955BK Kichler Ceiling Lt,-- Unbranded --,-- No Unilog Brand --,-- No DIB Brand --,Kichler Lighting (KICLI)
42275BK,42275BK Kichler Ceiling Lt,-- Unbranded --,-- No Unilog Brand --,-- No DIB Brand --,Kichler Lighting (KICLI)
62-1850,"62-1850 11"" Led Ceiling Light",-- Unbranded --,-- No Unilog Brand --,-- No DIB Brand --,Satco Prod Inc (5573)
62-1852,"62-1852 14"" Satco Led Ceiling Lt",-- Unbranded --,-- No Unilog Brand --,-- No DIB Brand --,Satco Prod Inc (5573)
62-1875,"62-1875 10"" Led Ceiling Lt Bn",-- Unbranded --,-- No Unilog Brand --,-- No DIB Brand --,Satco Prod Inc (5573)
62-1876,"62-1876 13"" Satco Ceiling Light BN",-- Unbranded --,-- No Unilog Brand --,-- No DIB Brand --,Satco Prod Inc (5573)
42296BK,42296BK Kichler Ceiling Lt,-- Unbranded --,-- No Unilog Brand --,-- No DIB Brand --,Kichler Lighting (KICLI)
43913BK,43913BK Kichler Pendant Lt,-- Unbranded --,-- No Unilog Brand --,-- No DIB Brand --,Kichler Lighting (KICLI)
HLSMS9129FS1E,"HLSMS9129FS1E 9"" Motion Lt",-- Unbranded --,-- No Unilog Brand --,-- No DIB Brand --,Cooper Lighting (7638)
64-110,64-110 Satco Tape Light 16',-- Unbranded --,-- No Unilog Brand --,-- No DIB Brand --,Satco Prod Inc (5573)
603571,603571 3' Strip Light Ext,-- Unbranded --,-- No Unilog Brand --,Wiz,Phillips Lighting (5831)
65-572R1,65572 Satco 2x4 Led Flat Panel,-- Unbranded --,-- No Unilog Brand --,-- No DIB Brand --,Satco Prod Inc (5573)
52476AVI,52476AVI Kichler Pendant Lt,-- Unbranded --,-- No Unilog Brand --,-- No DIB Brand --,Kichler Lighting (KICLI)
42199BK,42199BK Kichler Pendant Lt,-- Unbranded --,-- No Unilog Brand --,-- No DIB Brand --,Kichler Lighting (KICLI)
42199BKCS,42199BKCS Kichler Pendant Lt,-- Unbranded --,-- No Unilog Brand --,-- No DIB Brand --,Kichler Lighting (KICLI)
42200BK,42200BK Kichler Pendant Lt,-- Unbranded --,-- No Unilog Brand --,-- No DIB Brand --,Kichler Lighting (KICLI)
42200BKCS,42200BKCS Kichler Pendant Lt,-- Unbranded --,-- No Unilog Brand --,-- No DIB Brand --,Kichler Lighting (KICLI)
43851BK,43851BK Kichler Pendant Lt,-- Unbranded --,-- No Unilog Brand --,-- No DIB Brand --,Kichler Lighting (KICLI)
43852BK,43852BK Kichler Pendant Lt,-- Unbranded --,-- No Unilog Brand --,-- No DIB Brand --,Kichler Lighting (KICLI)
43853BK,43853BK Kichler Pendant Lt,-- Unbranded --,-- No Unilog Brand --,-- No DIB Brand --,Kichler Lighting (KICLI)
43905BK,43905BK Kichler Pendant Lt,-- Unbranded --,-- No Unilog Brand --,-- No DIB Brand --,Kichler Lighting (KICLI)
43911BK,43911BK Kichler Pendant Lt,-- Unbranded --,-- No Unilog Brand --,-- No DIB Brand --,Kichler Lighting (KICLI)
52529BK,52529BK Kichler Pendant Light,-- Unbranded --,-- No Unilog Brand --,-- No DIB Brand --,Kichler Lighting (KICLI)
52662BKCLR,52662BKCLR Kichler Pendant Lt,-- Unbranded --,-- No Unilog Brand --,-- No DIB Brand --,Kichler Lighting (KICLI)
52734CPZ,52734CPZ Kichler Pendant Light,-- Unbranded --,-- No Unilog Brand --,-- No DIB Brand --,Kichler Lighting (KICLI)
82400,82400 Kichler Pendant Lt,-- Unbranded --,-- No Unilog Brand --,-- No DIB Brand --,Kichler Lighting (KICLI)
S11606,"S11606 8"" Round Down Lt 30K",-- Unbranded --,-- No Unilog Brand --,-- No DIB Brand --,Satco Prod Inc (5573)
S11828,"S11828 8"" Led Down Light",-- Unbranded --,-- No Unilog Brand --,-- No DIB Brand --,Satco Prod Inc (5573)
801274,"801274 10w LED 6"" Retro 50k",-- Unbranded --,-- No Unilog Brand --,Philips,Phillips Lighting (5831)
S11860,"S11860 6"" Downlight White 5 CCT",-- Unbranded --,-- No Unilog Brand --,-- No DIB Brand --,Satco Prod Inc (5573)
S11562,"S11562 Starfish 6"" D/W Downlight",-- Unbranded --,-- No Unilog Brand --,-- No DIB Brand --,Satco Prod Inc (5573)
S11646,"S11646 6"" Downlight Wh",-- Unbranded --,-- No Unilog Brand --,-- No DIB Brand --,Satco Prod Inc (5573)
S11801R1,"S11801R1 6"" Led Downlight Wh",-- Unbranded --,-- No Unilog Brand --,-- No DIB Brand --,Satco Prod Inc (5573)
S11848,"S11848 10"" Down Light Wh",-- Unbranded --,-- No Unilog Brand --,-- No DIB Brand --,Satco Prod Inc (5573)
S11849,"S11849 12"" Down Light Wh",-- Unbranded --,-- No Unilog Brand --,-- No DIB Brand --,Satco Prod Inc (5573)
HLBSL609FS5,"HLBSL609FS5 6"" Down Light",-- Unbranded --,-- No Unilog Brand --,-- No DIB Brand --,Cooper Lighting (7638)
WF4REGSWW590CRIMW,"WF4REGSWW590CRIMW 4"" Down Light",-- Unbranded --,-- No Unilog Brand --,-- No DIB Brand --,Lithonia Lighting (2776)
43849WH5CCT,43849WH5CCT Kichler Ceiling Lt,-- Unbranded --,-- No Unilog Brand --,-- No DIB Brand --,Kichler Lighting (KICLI)
62-1777,"62-1777 15"" Ceiling Lt Wh",-- Unbranded --,-- No Unilog Brand --,-- No DIB Brand --,Satco Prod Inc (5573)
62-1778,"62-1778 19"" Ceiling Lt Wh",-- Unbranded --,-- No Unilog Brand --,-- No DIB Brand --,Satco Prod Inc (5573)
62-1784,62-1784 24x24 Led Ceiling Lt,-- Unbranded --,-- No Unilog Brand --,-- No DIB Brand --,Satco Prod Inc (5573)
62-1787,"62-1787 15"" Ceiling Lt Bk",-- Unbranded --,-- No Unilog Brand --,-- No DIB Brand --,Satco Prod Inc (5573)
62-1788,"62-1788 19"" Ceiling Lt Bk",-- Unbranded --,-- No Unilog Brand --,-- No DIB Brand --,Satco Prod Inc (5573)
SHOP/4X2/840/V1,4' Feit Shop Light 4500L 40k,-- Unbranded --,-- No Unilog Brand --,Feit Electric,Feit Electric (3468)
45495BKCLR,45495BKCLR Kichler Wall Lt,-- Unbranded --,-- No Unilog Brand --,-- No DIB Brand --,Kichler Lighting (KICLI)
55209NI,55209NI Kichler Wall Sconce,-- Unbranded --,-- No Unilog Brand --,-- No DIB Brand --,Kichler Lighting (KICLI)
65-1210,65-1210 2' LED Wrap Lt,-- Unbranded --,-- No Unilog Brand --,-- No DIB Brand --,Satco Prod Inc (5573)
65-1211,65-1211 4' Led Wrap Light,-- Unbranded --,-- No Unilog Brand --,-- No DIB Brand --,Satco Prod Inc (5573)
141465,"141465 15W Flor 18"" T12 27k",-- Unbranded --,-- No Unilog Brand --,Philips,Phillips Lighting (5831)
391227,"391227 32W Led 12"" T9 30K",-- Unbranded --,-- No Unilog Brand --,Philips,Phillips Lighting (5831)
392225,"392225 22W Flor 8"" T9 30k",-- Unbranded --,-- No Unilog Brand --,Philips,Phillips Lighting (5831)
S3539,S3539 20W Halogen Pin T4,-- Unbranded --,-- No Unilog Brand --,Satco,Satco Prod Inc (5573)
S3496,S3496 300W Halogen T3 Bulb,-- Unbranded --,-- No Unilog Brand --,Satco,Satco Prod Inc (5573)
467316,467316 150W Sodium Med 21k,-- Unbranded --,-- No Unilog Brand --,Philips,Phillips Lighting (5831)
S3709,S3709 25W Incan 27K,-- Unbranded --,-- No Unilog Brand --,Satco,Satco Prod Inc (5573)
S4720,S4720 25W Incan 27K,-- Unbranded --,-- No Unilog Brand --,Satco,Satco Prod Inc (5573)
S3720,S3720 40w Inc A15 Med 26k,-- Unbranded --,-- No Unilog Brand --,Satco,Satco Prod Inc (5573)
S3702,S3702 40W Incan Med 27K,-- Unbranded --,-- No Unilog Brand --,Satco,Satco Prod Inc (5573)
S3703,S3703 40W Incan Med 27K,-- Unbranded --,-- No Unilog Brand --,Satco,Satco Prod Inc (5573)
S3797,S3797 4W Incan Cand 27K 2pk,-- Unbranded --,-- No Unilog Brand --,Satco,Satco Prod Inc (5573)
S4724,S4724 4W Incan Cand 27K 4pk,-- Unbranded --,-- No Unilog Brand --,Satco,Satco Prod Inc (5573)
S4717,S4717 6W Incan Cand 27k 2pk,-- Unbranded --,-- No Unilog Brand --,Satco,Satco Prod Inc (5573)
S3794,S3794 7W Incan Med 27K,-- Unbranded --,-- No Unilog Brand --,Satco,Satco Prod Inc (5573)
S3795,S3795 7W Incan Med 27K,-- Unbranded --,-- No Unilog Brand --,Satco,Satco Prod Inc (5573)
S4726,S4726 7W Incan Cand 27K 4pk,-- Unbranded --,-- No Unilog Brand --,Satco,Satco Prod Inc (5573)
S11429,S11429 60W Led Bulb 27K,-- Unbranded --,-- No Unilog Brand --,Satco,Satco Prod Inc (5573)
S21354,S21354 8W Led T9 Med 27k,-- Unbranded --,-- No Unilog Brand --,-- No DIB Brand --,Satco Prod Inc (5573)
S21363,S21363 8W Led Edison ST19 27K,-- Unbranded --,-- No Unilog Brand --,-- No DIB Brand --,Satco Prod Inc (5573)
S11445,S11445 12W Led Med 30k Motion,-- Unbranded --,-- No Unilog Brand --,-- No DIB Brand --,Satco Prod Inc (5573)
567313,567313 50W Led MR16 30K 3pk,-- Unbranded --,-- No Unilog Brand --,Philips,Phillips Lighting (5831)
586875,586875 60W Led Multi CCT 4pk,-- Unbranded --,-- No Unilog Brand --,Philips,Phillips Lighting (5831)
576355,576355 60/100/150 Led Med 50k,-- Unbranded --,-- No Unilog Brand --,Philips,Phillips Lighting (5831)
576363,576363 100/150/200 Led Med 27k,-- Unbranded --,-- No Unilog Brand --,Philips,Phillips Lighting (5831)
565374,565374 75W Led A19 Med 27k 4pk,-- Unbranded --,-- No Unilog Brand --,Philips,Phillips Lighting (5831)
565390,565390 75W Led A19 Med 50k 4pk,-- Unbranded --,-- No Unilog Brand --,Philips,Phillips Lighting (5831)
576371,576371 100/150/200 Led Med 50k,-- Unbranded --,-- No Unilog Brand --,Philips,Phillips Lighting (5831)
576496,576496 45W Led R20 Med 27k,-- Unbranded --,-- No Unilog Brand --,Philips,Phillips Lighting (5831)
564856,564856 40W Led ST19 27k 2pk,-- Unbranded --,-- No Unilog Brand --,Philips,Phillips Lighting (5831)
565796,565796 60W Led A19 Med 20k,-- Unbranded --,-- No Unilog Brand --,Philips,Phillips Lighting (5831)
576389,576389 100/200/300 Led Med 27k,-- Unbranded --,-- No Unilog Brand --,Philips,Phillips Lighting (5831)
564492,564492 75W Adj Base 27k 3pk,-- Unbranded --,-- No Unilog Brand --,Philips,Phillips Lighting (5831)
603449,603449 Wiz 60W Led Med Clr Ch,-- Unbranded --,-- No Unilog Brand --,Wiz,Phillips Lighting (5831)
586909,586909 Led 60W Med A19 27K,-- Unbranded --,-- No Unilog Brand --,Philips,Phillips Lighting (5831)
566364,566364 75W Led ST19 27k 4pk,-- Unbranded --,-- No Unilog Brand --,Philips,Phillips Lighting (5831)
576397,576394 100/200/300 Led A23 50k,-- Unbranded --,-- No Unilog Brand --,Philips,Phillips Lighting (5831)
571497,571497 150W Led Med 27k,-- Unbranded --,-- No Unilog Brand --,Philips,Phillips Lighting (5831)
576306,576306 40W Led A19 5CCT 4pk,-- Unbranded --,-- No Unilog Brand --,Philips,Phillips Lighting (5831)
588533,588533 40W Led Cand 3pk,-- Unbranded --,-- No Unilog Brand --,Philips,Phillips Lighting (5831)
576520,576520 65W Led Med 27k,-- Unbranded --,-- No Unilog Brand --,Philips,Phillips Lighting (5831)
574004,574004 75W Led ST19 27k 2pk,-- Unbranded --,-- No Unilog Brand --,Philips,Phillips Lighting (5831)
574012,574012 75W Led ST19 50k 2pk,-- Unbranded --,-- No Unilog Brand --,Philips,Phillips Lighting (5831)
573971,573971 75W Led ST19 20k 4pk,-- Unbranded --,-- No Unilog Brand --,Philips,Phillips Lighting (5831)
573989,573989 40W Led Med 27K 4pk,-- Unbranded --,-- No Unilog Brand --,Philips,Phillips Lighting (5831)
576769,576769 65W Led BR30 Med 27k,-- Unbranded --,-- No Unilog Brand --,Philips,Phillips Lighting (5831)
567446,567446 60W Led Med 50K 3pk,-- Unbranded --,-- No Unilog Brand --,Philips,Phillips Lighting (5831)
573997,573997 40W Led Med 50k 4pk,-- Unbranded --,-- No Unilog Brand --,Philips,Phillips Lighting (5831)
571463,571463 100W Led BR30 Med 50k,-- Unbranded --,-- No Unilog Brand --,Philips,Phillips Lighting (5831)
576512,576512 65W Led BR40 Med 27k,-- Unbranded --,-- No Unilog Brand --,Philips,Phillips Lighting (5831)
581181,581181 40W Led Med 2pk,-- Unbranded --,-- No Unilog Brand --,Philips,Phillips Lighting (5831)
GT-CB-100C,GTCB100C Led 100W Cob Bulb,-- Unbranded --,-- No Unilog Brand --,GT-Lite,Keystone (5702)
566430,566430 75W Led Med 50k 4pk,-- Unbranded --,-- No Unilog Brand --,Philips,Phillips Lighting (5831)
568337,568337 120W Led Par38 Med 50k,-- Unbranded --,-- No Unilog Brand --,Philips,Phillips Lighting (5831)
565788,565788 40W Led A19 Med 27k,-- Unbranded --,-- No Unilog Brand --,Philips,Phillips Lighting (5831)
565770,565770 40W Led A19 Med 50k,-- Unbranded --,-- No Unilog Brand --,Philips,Phillips Lighting (5831)
573436,573436 60W Led A19 Med 27k 2pk,-- Unbranded --,-- No Unilog Brand --,Philips,Phillips Lighting (5831)
576538,576538 65W Led BR30 Med 50k,-- Unbranded --,-- No Unilog Brand --,Philips,Phillips Lighting (5831)
573451,573451 40W Led Med 27k 2pk,-- Unbranded --,-- No Unilog Brand --,Philips,Phillips Lighting (5831)
586883,586883 100W Led Multi CCT 2pk,-- Unbranded --,-- No Unilog Brand --,Philips,Phillips Lighting (5831)
586859,586859 40W Led Med 27K Back Up,-- Unbranded --,-- No Unilog Brand --,Philips,Phillips Lighting (5831)
576488,576488 45W Led R20 Med 50k,-- Unbranded --,-- No Unilog Brand --,Philips,Phillips Lighting (5831)
575217,575217 60W Led Med 50k 2pk,-- Unbranded --,-- No Unilog Brand --,Philips,Phillips Lighting (5831)
586479,586479 90W Led Med Multi CCT,-- Unbranded --,-- No Unilog Brand --,Philips,Phillips Lighting (5831)
571471,571471 100W Led BR30 Med 27k,-- Unbranded --,-- No Unilog Brand --,Philips,Phillips Lighting (5831)
570762,570762 50W Led Par16 30k 3pk,-- Unbranded --,-- No Unilog Brand --,Philips,Phillips Lighting (5831)
533352,571505 150W Led Med 50k,-- Unbranded --,-- No Unilog Brand --,Philips,Phillips Lighting (5831)
573519,573519 100W Led A21 27k 2pk,-- Unbranded --,-- No Unilog Brand --,Philips,Phillips Lighting (5831)
573378,573378 60W Led Med 27k 3pk,-- Unbranded --,-- No Unilog Brand --,Philips,Phillips Lighting (5831)
565622,565622 60W Led Med 20k,-- Unbranded --,-- No Unilog Brand --,Philips,Phillips Lighting (5831)
586891,586891 Led 60W Med A19 27k,-- Unbranded --,-- No Unilog Brand --,Philips,Phillips Lighting (5831)
585448,585448 120W Led Motion Bulb,-- Unbranded --,-- No Unilog Brand --,Philips,Phillips Lighting (5831)
573444,573444 60W Led A19 Med 50k 2pk,-- Unbranded --,-- No Unilog Brand --,Philips,Phillips Lighting (5831)
566687,566687 60W Cand Led 27k 3pk,-- Unbranded --,-- No Unilog Brand --,Philips,Phillips Lighting (5831)
564385,564385 40w Led Med 27k 2pk,-- Unbranded --,-- No Unilog Brand --,Philips,Phillips Lighting (5831)
566661,566661 40W LED Cand 27k 3pk,-- Unbranded --,-- No Unilog Brand --,Philips,Phillips Lighting (5831)
564898,564898 60W Cand Led 50k 3pk,-- Unbranded --,-- No Unilog Brand --,Philips,Phillips Lighting (5831)
538319,588525 40W Led Cand 3pk,-- Unbranded --,-- No Unilog Brand --,Philips,Phillips Lighting (5831)
576009,576009 100W Led Par30L Med 50k,-- Unbranded --,-- No Unilog Brand --,Philips,Phillips Lighting (5831)
564450,564450 40W Led Cand 27k 2pk,-- Unbranded --,-- No Unilog Brand --,Philips,Phillips Lighting (5831)
572669,572669 60W Led F15 Med 27k,-- Unbranded --,-- No Unilog Brand --,Philips,Phillips Lighting (5831)
564906,564906 60W Led Med 27k 2pk,-- Unbranded --,-- No Unilog Brand --,Philips,Phillips Lighting (5831)
573410,573410 40W Led A19 Med 27k 2pk,-- Unbranded --,-- No Unilog Brand --,Philips,Phillips Lighting (5831)
576504,576504 65W Led BR40 Med 50k,-- Unbranded --,-- No Unilog Brand --,Philips,Phillips Lighting (5831)
576017,576017 100W Led Par30L Med 30k,-- Unbranded --,-- No Unilog Brand --,Philips,Phillips Lighting (5831)
574392,574392 40W Led B11 Med 27k 3pk,-- Unbranded --,-- No Unilog Brand --,Philips,Phillips Lighting (5831)
576751,576751 65W Led BR30 Med 3pk,-- Unbranded --,-- No Unilog Brand --,Philips,Phillips Lighting (5831)
583161,583161 Led 65W Med BR30 3pk,-- Unbranded --,-- No Unilog Brand --,Philips,Phillips Lighting (5831)
566695,566695 60W Led Med 27k 3pk,-- Unbranded --,-- No Unilog Brand --,Philips,Phillips Lighting (5831)
577007,577007 125W Led Med 30k Flood,-- Unbranded --,-- No Unilog Brand --,Philips,Phillips Lighting (5831)
566653,566653 25W Led Cand 27k 3pk,-- Unbranded --,-- No Unilog Brand --,Philips,Phillips Lighting (5831)
566679,566679 40W Led Med 27k 3pk,-- Unbranded --,-- No Unilog Brand --,Philips,Phillips Lighting (5831)
573311,573311 60W Led Med 27k 2pk,-- Unbranded --,-- No Unilog Brand --,Philips,Phillips Lighting (5831)
573394,573394 60W Led Cand 27k 2pk,-- Unbranded --,-- No Unilog Brand --,Philips,Phillips Lighting (5831)
573329,573329 60W Cand Led 27k 2pk,-- Unbranded --,-- No Unilog Brand --,Philips,Phillips Lighting (5831)
564930,564930 40W Cand Led 50k 3pk,-- Unbranded --,-- No Unilog Brand --,Philips,Phillips Lighting (5831)
565000,565000 60W Led Med 27k 2pk,-- Unbranded --,-- No Unilog Brand --,Philips,Phillips Lighting (5831)
564922,564922 60W Led BA11 50k 3pk,-- Unbranded --,-- No Unilog Brand --,Philips,Phillips Lighting (5831)
573295,573295 40W Led Med 27k 2pk,-- Unbranded --,-- No Unilog Brand --,Philips,Phillips Lighting (5831)
564914,564914 60W Med Led 50k 2pk,-- Unbranded --,-- No Unilog Brand --,Philips,Phillips Lighting (5831)
573485,573485 60W Led A19 Med 50k 2pk,-- Unbranded --,-- No Unilog Brand --,Philips,Phillips Lighting (5831)
573337,573337 40W Led G25 Med 50k 2pk,-- Unbranded --,-- No Unilog Brand --,Philips,Phillips Lighting (5831)
544874,544874 32W Led T8 UBulb 40k,-- Unbranded --,-- No Unilog Brand --,Philips,Phillips Lighting (5831)
570846,570846 50W Led Med 22K 2pk,-- Unbranded --,-- No Unilog Brand --,Philips,Phillips Lighting (5831)
565473,565473 60W Led A19 Bulb 2pk,-- Unbranded --,-- No Unilog Brand --,Philips,Phillips Lighting (5831)
573402,573402 60W Led Med 50k 2pk,-- Unbranded --,-- No Unilog Brand --,Philips,Phillips Lighting (5831)
573352,573352 40W Led Med 27k 2pk,-- Unbranded --,-- No Unilog Brand --,Philips,Phillips Lighting (5831)
573428,573428 40W Med Led 50k 2pk,-- Unbranded --,-- No Unilog Brand --,Philips,Phillips Lighting (5831)
573386,573386 60W Led Med 27k 2pk,-- Unbranded --,-- No Unilog Brand --,Philips,Phillips Lighting (5831)
564948,564948 40W Led Med 50k 3pk,-- Unbranded --,-- No Unilog Brand --,Philips,Phillips Lighting (5831)
573303,573303 40W Led Cand 27k 2pk,-- Unbranded --,-- No Unilog Brand --,Philips,Phillips Lighting (5831)
573188,573188 250W Led Par38 Med 50k,-- Unbranded --,-- No Unilog Brand --,Philips,Phillips Lighting (5831)
573469,573469 40W Led A19 Med 50k 2pk,-- Unbranded --,-- No Unilog Brand --,Philips,Phillips Lighting (5831)
565671,565671 25W Led Med 20K,-- Unbranded --,-- No Unilog Brand --,Philips,Phillips Lighting (5831)
573204,573204 75W Led Par20 Med 50k,-- Unbranded --,-- No Unilog Brand --,Philips,Phillips Lighting (5831)
581199,581199 60W Led Med 2pk,-- Unbranded --,-- No Unilog Brand --,Philips,Phillips Lighting (5831)
565887,565887 60W Led Med 20k,-- Unbranded --,-- No Unilog Brand --,Philips,Phillips Lighting (5831)
586867,586867 60W Led Med 27K,-- Unbranded --,-- No Unilog Brand --,Philips,Phillips Lighting (5831)
568451,5686451 50W Led Med 50k 2pk,-- Unbranded --,-- No Unilog Brand --,Philips,Phillips Lighting (5831)
568444,568444 90W Led Par38 50k 2pk,-- Unbranded --,-- No Unilog Brand --,Philips,Phillips Lighting (5831)
573196,573196 75W Led Med 30K,-- Unbranded --,-- No Unilog Brand --,Philips,Phillips Lighting (5831)
564500,564500 75W Adj Base 50k 3pk,-- Unbranded --,-- No Unilog Brand --,Philips,Phillips Lighting (5831)
571513,571513 40/60/100 Led Med 27k,-- Unbranded --,-- No Unilog Brand --,Philips,Phillips Lighting (5831)
588566,588566 40W Led Med 55k 3pk,-- Unbranded --,-- No Unilog Brand --,Philips,Phillips Lighting (5831)
565655,565655 25W Led A15 Med 20k,-- Unbranded --,-- No Unilog Brand --,Philips,Phillips Lighting (5831)
565812,565812 60W Med Led 50k,-- Unbranded --,-- No Unilog Brand --,Philips,Phillips Lighting (5831)
586917,586917 40W Led Cand 27K 2pk,-- Unbranded --,-- No Unilog Brand --,Philips,Phillips Lighting (5831)
46719,49719 Wall Light Motion Wh,-- Unbranded --,-- No Unilog Brand --,-- No DIB Brand --,Maxsa Innovations (MAXIN)
59061BSL,59061BSL Kichler Ext Wall Lt,-- Unbranded --,-- No Unilog Brand --,-- No DIB Brand --,Kichler Lighting (KICLI)
59062BSL,59062BSL Kichler Ext Wall Lt,-- Unbranded --,-- No Unilog Brand --,-- No DIB Brand --,Kichler Lighting (KICLI)
59124BKT,59124BKT Kichler Ext Wall Lt,-- Unbranded --,-- No Unilog Brand --,-- No DIB Brand --,Kichler Lighting (KICLI)
59025BK,59025BK Kichler Post Lt,-- Unbranded --,-- No Unilog Brand --,-- No DIB Brand --,Kichler Lighting (KICLI)
73020,73020 Nano Clip Light Bk,-- Unbranded --,-- No Unilog Brand --,-- No DIB Brand --,Streamlight (7277)
WORK6000XLTPPLUG,6000L Twin Head Work Light,-- Unbranded --,-- No Unilog Brand --,Feit Electric,Feit Electric (3468)
51334,"51334 44"" Wh Gilmour Fan",-- Unbranded --,-- No Unilog Brand --,-- No DIB Brand --,Hunter Fan Co (4381)
59210,"59210 52"" BZ Sent Hunter Fan",-- Unbranded --,-- No Unilog Brand --,Hunter,Hunter Fan Co (4381)
52485,"52485 52"" MB Anisten Fan",-- Unbranded --,-- No Unilog Brand --,-- No DIB Brand --,Hunter Fan Co (4381)
52486,"52486 44"" MB Anisten Fan",-- Unbranded --,-- No Unilog Brand --,-- No DIB Brand --,Hunter Fan Co (4381)
52487,"52487 52"" WH Anisten Fan",-- Unbranded --,-- No Unilog Brand --,-- No DIB Brand --,Hunter Fan Co (4381)
52488,"52488 44"" WH Anisten Fan",-- Unbranded --,-- No Unilog Brand --,-- No DIB Brand --,Hunter Fan Co (4381)
52655,"52655 52"" MB Xidane Hunter Fan",-- Unbranded --,-- No Unilog Brand --,-- No DIB Brand --,Hunter Fan Co (4381)
59261,"59261 52"" PB Cassius Fan",-- Unbranded --,-- No Unilog Brand --,-- No DIB Brand --,Hunter Fan Co (4381)
51731,"51731 52"" MB Jetty Hunter Fan",-- Unbranded --,-- No Unilog Brand --,-- No DIB Brand --,Hunter Fan Co (4381)
3202-20,3202-20 Milw Voltage Detector w/ LED,-- Unbranded --,-- No Unilog Brand --,-- No DIB Brand --,Milwaukee Accessory (4031)
3203-20,3203-20 Milw Dual Range Voltage Detector w/ LED,-- Unbranded --,-- No Unilog Brand --,-- No DIB Brand --,Milwaukee Accessory (4031)
